2.010000000000000000e+03, 1.000000000000000000e+00, 1.000000000000000000e+00, 1.000000000000000000e+00, 0.000000000000000000e+00, 7.483689999999999600e+03, 2.098000000000000043e+01, -9.990000000000000000e+02, 0.000000000000000000e+00, 0.000000000000000000e+00, 0.000000000000000000e+00
2.010000000000000000e+03, 1.000000000000000000e+00, 1.000000000000000000e+00, 1.000000000000000000e+00, 3.000000000000000000e+01, 7.117229999999999563e+03, 2.005999999999999872e+01, -9.990000000000000000e+02, 0.000000000000000000e+00, 0.000000000000000000e+00, 0.000000000000000000e+00
2.010000000000000000e+03, 1.000000000000000000e+00, 1.000000000000000000e+00, 2.000000000000000000e+00, 0.000000000000000000e+00, 6.812029999999999745e+03, 1.792999999999999972e+01, -9.990000000000000000e+02, 0.000000000000000000e+00, 0.000000000000000000e+00, 0.000000000000000000e+00
2.010000000000000000e+03, 1.000000000000000000e+00, 1.000000000000000000e+00, 2.000000000000000000e+00, 3.000000000000000000e+01, 6.544329999999999927e+03, 1.742999999999999972e+01, -9.990000000000000000e+02, 0.000000000000000000e+00, 0.000000000000000000e+00, 4.578654448032937196e-02
2.010000000000000000e+03, 1.000000000000000000e+00, 1.000000000000000000e+00, 3.000000000000000000e+00, 0.000000000000000000e+00, 6.377319999999999709e+03, 1.685000000000000142e+01, -9.990000000000000000e+02, 0.000000000000000000e+00, 0.000000000000000000e+00, 1.198944063665169368e-01
2.010000000000000000e+03, 1.000000000000000000e+00, 1.000000000000000000e+00, 3.000000000000000000e+00, 3.000000000000000000e+01, 6.282850000000000364e+03, 1.506000000000000050e+01, -9.990000000000000000e+02, 0.000000000000000000e+00, 0.000000000000000000e+00, 2.013308473418183864e-01
2.010000000000000000e+03, 1.000000000000000000e+00, 1.000000000000000000e+00, 4.000000000000000000e+00, 0.000000000000000000e+00, 6.211489999999999782e+03, 1.323000000000000043e+01, -9.990000000000000000e+02, 0.000000000000000000e+00, 0.000000000000000000e+00, 2.877515236058973969e-01
2.010000000000000000e+03, 1.000000000000000000e+00, 1.000000000000000000e+00, 4.000000000000000000e+00, 3.000000000000000000e+01, 6.248310000000000400e+03, 1.508999999999999986e+01, -4.995000000000000000e+02, 0.000000000000000000e+00, 0.000000000000000000e+00, 3.768653485398215097e-01
2.010000000000000000e+03, 1.000000000000000000e+00, 1.000000000000000000e+00, 5.000000000000000000e+00, 0.000000000000000000e+00, 6.198609999999999673e+03, 1.513000000000000078e+01, 0.000000000000000000e+00, 0.000000000000000000e+00, 0.000000000000000000e+00, 4.664639843605374869e-01
2.010000000000000000e+03, 1.000000000000000000e+00, 1.000000000000000000e+00, 5.000000000000000000e+00, 3.000000000000000000e+01, 6.237350000000000364e+03, 1.183999999999999986e+01, 5.000000000000000000e-01, 7.327794611768272126e-02, 0.000000000000000000e+00, 5.544419108175090427e-01
2.010000000000000000e+03, 1.000000000000000000e+00, 1.000000000000000000e+00, 6.000000000000000000e+00, 0.000000000000000000e+00, 6.370479999999999563e+03, 1.546000000000000085e+01, 1.000000000000000000e+00, 1.776592896129481347e-01, 0.000000000000000000e+00, 6.388141399280018451e-01
2.010000000000000000e+03, 1.000000000000000000e+00, 1.000000000000000000e+00, 6.000000000000000000e+00, 3.000000000000000000e+01, 6.506420000000000073e+03, 1.680000000000000071e+01, 2.000000000000000000e+00, 2.823025657955051115e-01, 1.026113023226943310e-01, 7.177335919536065312e-01
2.010000000000000000e+03, 1.000000000000000000e+00, 1.000000000000000000e+00, 7.000000000000000000e+00, 0.000000000000000000e+00, 6.738750000000000000e+03, 1.735999999999999943e+01, 3.000000000000000000e+00, 3.854172991972728557e-01, 2.210504767443517427e-01, 7.895089862403799064e-01
2.010000000000000000e+03, 1.000000000000000000e+00, 1.000000000000000000e+00, 7.000000000000000000e+00, 3.000000000000000000e+01, 6.980409999999999854e+03, 1.805999999999999872e+01, 3.000000000000000000e+00, 4.852391681409413682e-01, 3.357074162221426183e-01, 8.526232315283291952e-01
2.010000000000000000e+03, 1.000000000000000000e+00, 1.000000000000000000e+00, 8.000000000000000000e+00, 0.000000000000000000e+00, 7.213329999999999927e+03, 2.044000000000000128e+01, 3.000000000000000000e+00, 5.800601927730345553e-01, 4.446203087326926484e-01, 9.057521507106705005e-01
2.010000000000000000e+03, 1.000000000000000000e+00, 1.000000000000000000e+00, 8.000000000000000000e+00, 3.000000000000000000e+01, 7.515600000000000364e+03, 2.100000000000000000e+01, 5.000000000000000000e+00, 6.682580019867304655e-01, 5.459256737804573101e-01, 9.477837652925751311e-01
2.010000000000000000e+03, 1.000000000000000000e+00, 1.000000000000000000e+00, 9.000000000000000000e+00, 0.000000000000000000e+00, 7.761460000000000036e+03, 2.107999999999999829e+01, 7.000000000000000000e+00, 7.483234172220715186e-01, 6.378900455764127120e-01, 9.778393787549821692e-01
2.010000000000000000e+03, 1.000000000000000000e+00, 1.000000000000000000e+00, 9.000000000000000000e+00, 3.000000000000000000e+01, 7.915539999999999964e+03, 2.114000000000000057e+01, 4.500000000000000000e+00, 8.188865437033249206e-01, 7.189399418360230554e-01, 9.953011784600500622e-01
2.010000000000000000e+03, 1.000000000000000000e+00, 1.000000000000000000e+00, 1.000000000000000000e+01, 0.000000000000000000e+00, 8.067159999999999854e+03, 2.196000000000000085e+01, 2.000000000000000000e+00, 8.787400130038101054e-01, 7.876885605479632124e-01, 9.998594180838581424e-01
2.010000000000000000e+03, 1.000000000000000000e+00, 1.000000000000000000e+00, 1.000000000000000000e+01, 3.000000000000000000e+01, 8.123310000000000400e+03, 2.207999999999999829e+01, 2.000000000000000000e+00, 9.268597460688536849e-01, 8.429596287027744106e-01, 9.916250600400144943e-01
2.010000000000000000e+03, 1.000000000000000000e+00, 1.000000000000000000e+00, 1.100000000000000000e+01, 0.000000000000000000e+00, 8.195510000000000218e+03, 2.200000000000000000e+01, 2.000000000000000000e+00, 9.624223842936191486e-01, 8.838074238979185537e-01, 9.714950807536819610e-01
2.010000000000000000e+03, 1.000000000000000000e+00, 1.000000000000000000e+00, 1.100000000000000000e+01, 3.000000000000000000e+01, 8.221360000000000582e+03, 2.200000000000000000e+01, 2.500000000000000000e+00, 9.848194430704623192e-01, 9.095330313207388162e-01, 9.427936975407238407e-01
2.010000000000000000e+03, 1.000000000000000000e+00, 1.000000000000000000e+00, 1.200000000000000000e+01, 0.000000000000000000e+00, 8.278090000000000146e+03, 2.203999999999999915e+01, 3.000000000000000000e+00, 9.936676967307913610e-01, 9.196962720529775481e-01, 9.203773484349508927e-01
2.010000000000000000e+03, 1.000000000000000000e+00, 1.000000000000000000e+00, 1.200000000000000000e+01, 3.000000000000000000e+01, 8.361579999999999927e+03, 2.200000000000000000e+01, 2.500000000000000000e+00, 9.888157531818224655e-01, 9.141232548000375324e-01, 9.342494273213572953e-01
2.010000000000000000e+03, 1.000000000000000000e+00, 1.000000000000000000e+00, 1.300000000000000000e+01, 0.000000000000000000e+00, 8.337920000000000073e+03, 2.200000000000000000e+01, 2.000000000000000000e+00, 9.703466302378701558e-01, 8.929093351048691396e-01, 9.637140769886721747e-01
2.010000000000000000e+03, 1.000000000000000000e+00, 1.000000000000000000e+00, 1.300000000000000000e+01, 3.000000000000000000e+01, 8.421079999999999927e+03, 2.235999999999999943e+01, 1.000000000000000000e+00, 9.385763446734521898e-01, 8.564174947125876569e-01, 9.869012841887825349e-01
2.010000000000000000e+03, 1.000000000000000000e+00, 1.000000000000000000e+00, 1.400000000000000000e+01, 0.000000000000000000e+00, 8.477340000000000146e+03, 2.200000000000000000e+01, 0.000000000000000000e+00, 8.940484868149010111e-01, 8.052721098626539620e-01, 9.987575053951658344e-01
2.010000000000000000e+03, 1.000000000000000000e+00, 1.000000000000000000e+00, 1.400000000000000000e+01, 3.000000000000000000e+01, 8.501389999999999418e+03, 2.200000000000000000e+01, 3.500000000000000000e+00, 8.375249280367264015e-01, 7.403482777757616207e-01, 9.979711907493635792e-01
2.010000000000000000e+03, 1.000000000000000000e+00, 1.000000000000000000e+00, 1.500000000000000000e+01, 0.000000000000000000e+00, 8.557940000000000509e+03, 2.200000000000000000e+01, 7.000000000000000000e+00, 7.699728308092136375e-01, 6.627568961940002445e-01, 9.842618321320544261e-01
2.010000000000000000e+03, 1.000000000000000000e+00, 1.000000000000000000e+00, 1.500000000000000000e+01, 3.000000000000000000e+01, 8.603110000000000582e+03, 2.200000000000000000e+01, 1.000000000000000000e+01, 6.925480173587854615e-01, 5.738255603674329297e-01, 9.578332597094807443e-01
2.010000000000000000e+03, 1.000000000000000000e+00, 1.000000000000000000e+00, 1.600000000000000000e+01, 0.000000000000000000e+00, 8.715690000000000509e+03, 2.201000000000000156e+01, 1.300000000000000000e+01, 6.065752477097928752e-01, 4.750759101084774394e-01, 9.192197565255528779e-01
2.010000000000000000e+03, 1.000000000000000000e+00, 1.000000000000000000e+00, 1.600000000000000000e+01, 3.000000000000000000e+01, 8.791610000000000582e+03, 2.200000000000000000e+01, 8.500000000000000000e+00, 5.135255886488975241e-01, 3.681976354350714464e-01, 8.692271579839159212e-01
2.010000000000000000e+03, 1.000000000000000000e+00, 1.000000000000000000e+00, 1.700000000000000000e+01, 0.000000000000000000e+00, 8.883979999999999563e+03, 2.282000000000000028e+01, 4.000000000000000000e+00, 4.149910511210100905e-01, 2.550193446921625862e-01, 8.089015974948112753e-01
2.010000000000000000e+03, 1.000000000000000000e+00, 1.000000000000000000e+00, 1.700000000000000000e+01, 3.000000000000000000e+01, 8.835920000000000073e+03, 2.387000000000000099e+01, -4.975000000000000000e+02, 3.126576340402158483e-01, 1.374776022568506284e-01, 7.395073361733845996e-01
2.010000000000000000e+03, 1.000000000000000000e+00, 1.000000000000000000e+00, 1.800000000000000000e+01, 0.000000000000000000e+00, 8.765459999999999127e+03, 2.367999999999999972e+01, -9.990000000000000000e+02, 2.082762905449504764e-01, 1.758357993093215277e-02, 6.625070690227850001e-01
2.010000000000000000e+03, 1.000000000000000000e+00, 1.000000000000000000e+00, 1.800000000000000000e+01, 3.000000000000000000e+01, 8.640559999999999491e+03, 2.250000000000000000e+01, -9.990000000000000000e+02, 1.036330143623933053e-01, 0.000000000000000000e+00, 5.795431177005981871e-01
2.010000000000000000e+03, 1.000000000000000000e+00, 1.000000000000000000e+00, 1.900000000000000000e+01, 0.000000000000000000e+00, 8.544549999999999272e+03, 2.200000000000000000e+01, -9.990000000000000000e+02, 5.182809606258666994e-04, 0.000000000000000000e+00, 4.924189317261483123e-01
2.010000000000000000e+03, 1.000000000000000000e+00, 1.000000000000000000e+00, 1.900000000000000000e+01, 3.000000000000000000e+01, 8.562120000000000800e+03, 2.201000000000000156e+01, -9.990000000000000000e+02, 0.000000000000000000e+00, 0.000000000000000000e+00, 4.030810334974644360e-01
2.010000000000000000e+03, 1.000000000000000000e+00, 1.000000000000000000e+00, 2.000000000000000000e+01, 0.000000000000000000e+00, 8.635780000000000655e+03, 2.201999999999999957e+01, -9.990000000000000000e+02, 0.000000000000000000e+00, 0.000000000000000000e+00, 3.136015215774503595e-01
2.010000000000000000e+03, 1.000000000000000000e+00, 1.000000000000000000e+00, 2.000000000000000000e+01, 3.000000000000000000e+01, 8.573049999999999272e+03, 2.201000000000000156e+01, -9.990000000000000000e+02, 0.000000000000000000e+00, 0.000000000000000000e+00, 2.261606755352361109e-01
2.010000000000000000e+03, 1.000000000000000000e+00, 1.000000000000000000e+00, 2.100000000000000000e+01, 0.000000000000000000e+00, 8.333540000000000873e+03, 2.198000000000000043e+01, -9.990000000000000000e+02, 0.000000000000000000e+00, 0.000000000000000000e+00, 1.430278538497457563e-01
2.010000000000000000e+03, 1.000000000000000000e+00, 1.000000000000000000e+00, 2.100000000000000000e+01, 3.000000000000000000e+01, 8.343799999999999272e+03, 2.239999999999999858e+01, -9.990000000000000000e+02, 0.000000000000000000e+00, 0.000000000000000000e+00, 6.653554578530901376e-02
2.010000000000000000e+03, 1.000000000000000000e+00, 1.000000000000000000e+00, 2.200000000000000000e+01, 0.000000000000000000e+00, 8.295590000000000146e+03, 2.150000000000000000e+01, -9.990000000000000000e+02, 0.000000000000000000e+00, 0.000000000000000000e+00, 0.000000000000000000e+00
2.010000000000000000e+03, 1.000000000000000000e+00, 1.000000000000000000e+00, 2.200000000000000000e+01, 3.000000000000000000e+01, 8.210540000000000873e+03, 2.169999999999999929e+01, -9.990000000000000000e+02, 0.000000000000000000e+00, 0.000000000000000000e+00, 0.000000000000000000e+00
2.010000000000000000e+03, 1.000000000000000000e+00, 1.000000000000000000e+00, 2.300000000000000000e+01, 0.000000000000000000e+00, 8.041770000000000437e+03, 2.226999999999999957e+01, -9.990000000000000000e+02, 0.000000000000000000e+00, 0.000000000000000000e+00, 0.000000000000000000e+00
2.010000000000000000e+03, 1.000000000000000000e+00, 1.000000000000000000e+00, 2.300000000000000000e+01, 3.000000000000000000e+01, 7.782680000000000291e+03, 2.150000000000000000e+01, -9.990000000000000000e+02, 0.000000000000000000e+00, 0.000000000000000000e+00, 0.000000000000000000e+00
2.010000000000000000e+03, 1.000000000000000000e+00, 2.000000000000000000e+00, 0.000000000000000000e+00, 0.000000000000000000e+00, 7.574850000000000364e+03, 2.100000000000000000e+01, -9.990000000000000000e+02, 0.000000000000000000e+00, 0.000000000000000000e+00, 0.000000000000000000e+00
2.010000000000000000e+03, 1.000000000000000000e+00, 2.000000000000000000e+00, 0.000000000000000000e+00, 3.000000000000000000e+01, 7.343300000000000182e+03, 2.067000000000000171e+01, -9.990000000000000000e+02, 0.000000000000000000e+00, 0.000000000000000000e+00, 0.000000000000000000e+00
2.010000000000000000e+03, 1.000000000000000000e+00, 2.000000000000000000e+00, 1.000000000000000000e+00, 0.000000000000000000e+00, 7.099729999999999563e+03, 1.926999999999999957e+01, -9.990000000000000000e+02, 0.000000000000000000e+00, 0.000000000000000000e+00, 0.000000000000000000e+00
2.010000000000000000e+03, 1.000000000000000000e+00, 2.000000000000000000e+00, 1.000000000000000000e+00, 3.000000000000000000e+01, 6.779800000000000182e+03, 1.792000000000000171e+01, -9.990000000000000000e+02, 0.000000000000000000e+00, 0.000000000000000000e+00, 0.000000000000000000e+00
2.010000000000000000e+03, 1.000000000000000000e+00, 2.000000000000000000e+00, 2.000000000000000000e+00, 0.000000000000000000e+00, 6.497470000000000255e+03, 1.563000000000000078e+01, -9.990000000000000000e+02, 0.000000000000000000e+00, 0.000000000000000000e+00, 0.000000000000000000e+00
2.010000000000000000e+03, 1.000000000000000000e+00, 2.000000000000000000e+00, 2.000000000000000000e+00, 3.000000000000000000e+01, 6.347689999999999600e+03, 1.432000000000000028e+01, -9.990000000000000000e+02, 0.000000000000000000e+00, 0.000000000000000000e+00, 4.363113999663109643e-02
2.010000000000000000e+03, 1.000000000000000000e+00, 2.000000000000000000e+00, 3.000000000000000000e+00, 0.000000000000000000e+00, 6.223640000000000327e+03, 1.408000000000000007e+01, -9.990000000000000000e+02, 0.000000000000000000e+00, 0.000000000000000000e+00, 1.176871530265501953e-01
2.010000000000000000e+03, 1.000000000000000000e+00, 2.000000000000000000e+00, 3.000000000000000000e+00, 3.000000000000000000e+01, 6.182069999999999709e+03, 1.525999999999999979e+01, -9.990000000000000000e+02, 0.000000000000000000e+00, 0.000000000000000000e+00, 1.991127013801470280e-01
2.010000000000000000e+03, 1.000000000000000000e+00, 2.000000000000000000e+00, 4.000000000000000000e+00, 0.000000000000000000e+00, 6.140819999999999709e+03, 1.556000000000000050e+01, -9.990000000000000000e+02, 0.000000000000000000e+00, 0.000000000000000000e+00, 2.855605098457985047e-01
2.010000000000000000e+03, 1.000000000000000000e+00, 2.000000000000000000e+00, 4.000000000000000000e+00, 3.000000000000000000e+01, 6.224479999999999563e+03, 1.298000000000000043e+01, -4.765000000000000000e+02, 0.000000000000000000e+00, 0.000000000000000000e+00, 3.747368139845066448e-01
2.010000000000000000e+03, 1.000000000000000000e+00, 2.000000000000000000e+00, 5.000000000000000000e+00, 0.000000000000000000e+00, 6.260000000000000000e+03, 1.486999999999999922e+01, 4.600000000000000000e+01, 0.000000000000000000e+00, 0.000000000000000000e+00, 4.644303652942964877e-01
2.010000000000000000e+03, 1.000000000000000000e+00, 2.000000000000000000e+00, 5.000000000000000000e+00, 3.000000000000000000e+01, 6.336199999999999818e+03, 1.632999999999999829e+01, 2.300000000000000000e+01, 7.099168490747842508e-02, 0.000000000000000000e+00, 5.525328079709668216e-01
2.010000000000000000e+03, 1.000000000000000000e+00, 2.000000000000000000e+00, 6.000000000000000000e+00, 0.000000000000000000e+00, 6.470819999999999709e+03, 1.685999999999999943e+01, 0.000000000000000000e+00, 1.754124337198588457e-01, 0.000000000000000000e+00, 6.370562502473028355e-01
2.010000000000000000e+03, 1.000000000000000000e+00, 2.000000000000000000e+00, 6.000000000000000000e+00, 3.000000000000000000e+01, 6.679670000000000073e+03, 1.746999999999999886e+01, 5.500000000000000000e+00, 2.801234771683415170e-01, 1.007851990435359446e-01, 7.161505977740173501e-01
2.010000000000000000e+03, 1.000000000000000000e+00, 2.000000000000000000e+00, 7.000000000000000000e+00, 0.000000000000000000e+00, 7.032619999999999891e+03, 1.707000000000000028e+01, 1.100000000000000000e+01, 3.833331802681368417e-01, 2.193334571262608446e-01, 7.881214280682748985e-01
2.010000000000000000e+03, 1.000000000000000000e+00, 2.000000000000000000e+00, 7.000000000000000000e+00, 3.000000000000000000e+01, 7.394699999999999818e+03, 2.032999999999999829e+01, 1.300000000000000000e+01, 4.832755963840714153e-01, 3.341288589468325854e-01, 8.514483934500340911e-01
2.010000000000000000e+03, 1.000000000000000000e+00, 2.000000000000000000e+00, 8.000000000000000000e+00, 0.000000000000000000e+00, 7.788180000000000291e+03, 2.146999999999999886e+01, 1.500000000000000000e+01, 5.782406363110047520e-01, 4.432071696479966683e-01, 9.048039643048195746e-01
2.010000000000000000e+03, 1.000000000000000000e+00, 2.000000000000000000e+00, 8.000000000000000000e+00, 3.000000000000000000e+01, 8.219479999999999563e+03, 2.201000000000000156e+01, 8.500000000000000000e+00, 6.666035613548669803e-01, 5.447021892869500226e-01, 9.470728943698860647e-01
2.010000000000000000e+03, 1.000000000000000000e+00, 2.000000000000000000e+00, 9.000000000000000000e+00, 0.000000000000000000e+00, 8.344200000000000728e+03, 2.201000000000000156e+01, 2.000000000000000000e+00, 7.468523179009628477e-01, 6.368771497424190464e-01, 9.773732621100216234e-01
2.010000000000000000e+03, 1.000000000000000000e+00, 2.000000000000000000e+00, 9.000000000000000000e+00, 3.000000000000000000e+01, 8.572629999999999200e+03, 2.258999999999999986e+01, 5.500000000000000000e+00, 8.176138742317548003e-01, 7.181549655900903995e-01, 9.950843758707297315e-01
2.010000000000000000e+03, 1.000000000000000000e+00, 2.000000000000000000e+00, 1.000000000000000000e+01, 0.000000000000000000e+00, 8.698379999999999200e+03, 2.210999999999999943e+01, 9.000000000000000000e+00, 8.776774804996130275e-01, 7.871449508663426187e-01, 9.998942007998878889e-01
2.010000000000000000e+03, 1.000000000000000000e+00, 2.000000000000000000e+00, 1.000000000000000000e+01, 3.000000000000000000e+01, 8.924209999999999127e+03, 2.210000000000000142e+01, 5.000000000000000000e+00, 9.260154317485166375e-01, 8.426666677954611773e-01, 9.919122300519868096e-01
2.010000000000000000e+03, 1.000000000000000000e+00, 2.000000000000000000e+00, 1.100000000000000000e+01, 0.000000000000000000e+00, 9.018290000000000873e+03, 2.207000000000000028e+01, 1.000000000000000000e+00, 9.618006522307850359e-01, 8.837701244072608819e-01, 9.720331210889978646e-01
2.010000000000000000e+03, 1.000000000000000000e+00, 2.000000000000000000e+00, 1.100000000000000000e+01, 3.000000000000000000e+01, 9.090319999999999709e+03, 2.201000000000000156e+01, 1.650000000000000000e+01, 9.844208448819744550e-01, 9.097520268423574530e-01, 9.435518579641709591e-01
2.010000000000000000e+03, 1.000000000000000000e+00, 2.000000000000000000e+00, 1.200000000000000000e+01, 0.000000000000000000e+00, 9.028700000000000728e+03, 2.212999999999999901e+01, 3.200000000000000000e+01, 9.934889777140171185e-01, 9.201678241851904971e-01, 9.209938642224119176e-01
2.010000000000000000e+03, 1.000000000000000000e+00, 2.000000000000000000e+00, 1.200000000000000000e+01, 3.000000000000000000e+01, 8.940659999999999854e+03, 2.200000000000000000e+01, 6.300000000000000000e+01, 9.888498879005118702e-01, 9.148392940183260880e-01, 9.341677198349548350e-01
2.010000000000000000e+03, 1.000000000000000000e+00, 2.000000000000000000e+00, 1.300000000000000000e+01, 0.000000000000000000e+00, 8.792659999999999854e+03, 2.200000000000000000e+01, 9.400000000000000000e+01, 9.705829538379060484e-01, 8.938576115931762267e-01, 9.634521205720676384e-01
2.010000000000000000e+03, 1.000000000000000000e+00, 2.000000000000000000e+00, 1.300000000000000000e+01, 3.000000000000000000e+01, 8.823500000000000000e+03, 2.201000000000000156e+01, 6.800000000000000000e+01, 9.390007207771069453e-01, 8.575817712092520528e-01, 9.867018012824361195e-01
2.010000000000000000e+03, 1.000000000000000000e+00, 2.000000000000000000e+00, 1.400000000000000000e+01, 0.000000000000000000e+00, 8.908069999999999709e+03, 2.182999999999999829e+01, 4.200000000000000000e+01, 8.946435782325845576e-01, 8.066324726041029791e-01, 9.986903332194358995e-01
2.010000000000000000e+03, 1.000000000000000000e+00, 2.000000000000000000e+00, 1.400000000000000000e+01, 3.000000000000000000e+01, 8.929360000000000582e+03, 2.201000000000000156e+01, 1.965000000000000000e+02, 8.382704860330054686e-01, 7.418814687519252882e-01, 9.980572241756906493e-01
2.010000000000000000e+03, 1.000000000000000000e+00, 2.000000000000000000e+00, 1.500000000000000000e+01, 0.000000000000000000e+00, 9.017309999999999491e+03, 2.200000000000000000e+01, 3.510000000000000000e+02, 7.708460034154788199e-01, 6.644366672810002594e-01, 9.845029354742544925e-01
2.010000000000000000e+03, 1.000000000000000000e+00, 2.000000000000000000e+00, 1.500000000000000000e+01, 3.000000000000000000e+01, 9.147540000000000873e+03, 2.280999999999999872e+01, 2.890000000000000000e+02, 6.935237819711880247e-01, 5.756231702162500907e-01, 9.582212850889748612e-01
2.010000000000000000e+03, 1.000000000000000000e+00, 2.000000000000000000e+00, 1.600000000000000000e+01, 0.000000000000000000e+00, 9.282799999999999272e+03, 2.439000000000000057e+01, 2.270000000000000000e+02, 6.076268263468151964e-01, 4.769606011162067505e-01, 9.197400198670057092e-01
2.010000000000000000e+03, 1.000000000000000000e+00, 2.000000000000000000e+00, 1.600000000000000000e+01, 3.000000000000000000e+01, 9.294069999999999709e+03, 2.482000000000000028e+01, 1.305000000000000000e+02, 5.146248572682285971e-01, 3.701371038926037915e-01, 8.698600735939588935e-01
2.010000000000000000e+03, 1.000000000000000000e+00, 2.000000000000000000e+00, 1.700000000000000000e+01, 0.000000000000000000e+00, 9.263270000000000437e+03, 2.441000000000000014e+01, 3.400000000000000000e+01, 4.161091642113801115e-01, 2.569804582000053128e-01, 8.096237318297208052e-01
2.010000000000000000e+03, 1.000000000000000000e+00, 2.000000000000000000e+00, 1.700000000000000000e+01, 3.000000000000000000e+01, 9.136620000000000800e+03, 2.230000000000000071e+01, -4.825000000000000000e+02, 3.137653779981826041e-01, 1.394268056191615424e-01, 7.402920169503888204e-01
2.010000000000000000e+03, 1.000000000000000000e+00, 2.000000000000000000e+00, 1.800000000000000000e+01, 0.000000000000000000e+00, 9.039319999999999709e+03, 2.201000000000000156e+01, -9.990000000000000000e+02, 2.093446291858021002e-01, 1.948752173776058250e-02, 6.633249568309824706e-01
2.010000000000000000e+03, 1.000000000000000000e+00, 2.000000000000000000e+00, 1.800000000000000000e+01, 3.000000000000000000e+01, 8.929770000000000437e+03, 2.189999999999999858e+01, -9.990000000000000000e+02, 1.046335857373193734e-01, 0.000000000000000000e+00, 5.803626888466690836e-01
2.010000000000000000e+03, 1.000000000000000000e+00, 2.000000000000000000e+00, 1.900000000000000000e+01, 0.000000000000000000e+00, 8.711579999999999927e+03, 2.198000000000000043e+01, -9.990000000000000000e+02, 1.423882637524021000e-03, 0.000000000000000000e+00, 4.932069280460081306e-01
2.010000000000000000e+03, 1.000000000000000000e+00, 2.000000000000000000e+00, 1.900000000000000000e+01, 3.000000000000000000e+01, 8.632309999999999491e+03, 2.200000000000000000e+01, -9.990000000000000000e+02, 0.000000000000000000e+00, 0.000000000000000000e+00, 4.038029023121297301e-01
2.010000000000000000e+03, 1.000000000000000000e+00, 2.000000000000000000e+00, 2.000000000000000000e+01, 0.000000000000000000e+00, 8.714629999999999200e+03, 2.282999999999999829e+01, -9.990000000000000000e+02, 0.000000000000000000e+00, 0.000000000000000000e+00, 3.142218750072289790e-01
2.010000000000000000e+03, 1.000000000000000000e+00, 2.000000000000000000e+00, 2.000000000000000000e+01, 3.000000000000000000e+01, 8.637399999999999636e+03, 2.198000000000000043e+01, -9.990000000000000000e+02, 0.000000000000000000e+00, 0.000000000000000000e+00, 2.266438199337658943e-01
2.010000000000000000e+03, 1.000000000000000000e+00, 2.000000000000000000e+00, 2.100000000000000000e+01, 0.000000000000000000e+00, 8.429309999999999491e+03, 2.196000000000000085e+01, -9.990000000000000000e+02, 0.000000000000000000e+00, 0.000000000000000000e+00, 1.433383979822268062e-01
2.010000000000000000e+03, 1.000000000000000000e+00, 2.000000000000000000e+00, 2.100000000000000000e+01, 3.000000000000000000e+01, 8.386899999999999636e+03, 2.200000000000000000e+01, -9.990000000000000000e+02, 0.000000000000000000e+00, 0.000000000000000000e+00, 6.663964997625543285e-02
2.010000000000000000e+03, 1.000000000000000000e+00, 2.000000000000000000e+00, 2.200000000000000000e+01, 0.000000000000000000e+00, 8.223799999999999272e+03, 2.239999999999999858e+01, -9.990000000000000000e+02, 0.000000000000000000e+00, 0.000000000000000000e+00, 0.000000000000000000e+00
2.010000000000000000e+03, 1.000000000000000000e+00, 2.000000000000000000e+00, 2.200000000000000000e+01, 3.000000000000000000e+01, 8.056140000000000327e+03, 2.203000000000000114e+01, -9.990000000000000000e+02, 0.000000000000000000e+00, 0.000000000000000000e+00, 0.000000000000000000e+00
2.010000000000000000e+03, 1.000000000000000000e+00, 2.000000000000000000e+00, 2.300000000000000000e+01, 0.000000000000000000e+00, 7.774039999999999964e+03, 2.160000000000000142e+01, -9.990000000000000000e+02, 0.000000000000000000e+00, 0.000000000000000000e+00, 0.000000000000000000e+00
2.010000000000000000e+03, 1.000000000000000000e+00, 2.000000000000000000e+00, 2.300000000000000000e+01, 3.000000000000000000e+01, 7.494760000000000218e+03, 2.155999999999999872e+01, -9.990000000000000000e+02, 0.000000000000000000e+00, 0.000000000000000000e+00, 0.000000000000000000e+00
2.010000000000000000e+03, 1.000000000000000000e+00, 3.000000000000000000e+00, 0.000000000000000000e+00, 0.000000000000000000e+00, 7.284100000000000364e+03, 2.139999999999999858e+01, -9.990000000000000000e+02, 0.000000000000000000e+00, 0.000000000000000000e+00, 0.000000000000000000e+00
2.010000000000000000e+03, 1.000000000000000000e+00, 3.000000000000000000e+00, 0.000000000000000000e+00, 3.000000000000000000e+01, 7.053930000000000291e+03, 2.076000000000000156e+01, -9.990000000000000000e+02, 0.000000000000000000e+00, 0.000000000000000000e+00, 0.000000000000000000e+00
2.010000000000000000e+03, 1.000000000000000000e+00, 3.000000000000000000e+00, 1.000000000000000000e+00, 0.000000000000000000e+00, 6.820069999999999709e+03, 2.032999999999999829e+01, -9.990000000000000000e+02, 0.000000000000000000e+00, 0.000000000000000000e+00, 0.000000000000000000e+00
2.010000000000000000e+03, 1.000000000000000000e+00, 3.000000000000000000e+00, 1.000000000000000000e+00, 3.000000000000000000e+01, 6.537470000000000255e+03, 2.037000000000000099e+01, -9.990000000000000000e+02, 0.000000000000000000e+00, 0.000000000000000000e+00, 0.000000000000000000e+00
2.010000000000000000e+03, 1.000000000000000000e+00, 3.000000000000000000e+00, 2.000000000000000000e+00, 0.000000000000000000e+00, 6.362670000000000073e+03, 1.789000000000000057e+01, -9.990000000000000000e+02, 0.000000000000000000e+00, 0.000000000000000000e+00, 0.000000000000000000e+00
2.010000000000000000e+03, 1.000000000000000000e+00, 3.000000000000000000e+00, 2.000000000000000000e+00, 3.000000000000000000e+01, 6.178569999999999709e+03, 1.598000000000000043e+01, -9.990000000000000000e+02, 0.000000000000000000e+00, 0.000000000000000000e+00, 4.139003283569259173e-02
2.010000000000000000e+03, 1.000000000000000000e+00, 3.000000000000000000e+00, 3.000000000000000000e+00, 0.000000000000000000e+00, 6.088350000000000364e+03, 1.491000000000000014e+01, -9.990000000000000000e+02, 0.000000000000000000e+00, 0.000000000000000000e+00, 1.154028415154998433e-01
2.010000000000000000e+03, 1.000000000000000000e+00, 3.000000000000000000e+00, 3.000000000000000000e+00, 3.000000000000000000e+01, 6.077739999999999782e+03, 1.550000000000000000e+01, -9.990000000000000000e+02, 0.000000000000000000e+00, 0.000000000000000000e+00, 1.968260931090997090e-01
2.010000000000000000e+03, 1.000000000000000000e+00, 3.000000000000000000e+00, 4.000000000000000000e+00, 0.000000000000000000e+00, 6.059529999999999745e+03, 1.417999999999999972e+01, -9.990000000000000000e+02, 0.000000000000000000e+00, 0.000000000000000000e+00, 2.833095459114749470e-01
2.010000000000000000e+03, 1.000000000000000000e+00, 3.000000000000000000e+00, 4.000000000000000000e+00, 3.000000000000000000e+01, 6.101680000000000291e+03, 1.306000000000000050e+01, -4.995000000000000000e+02, 0.000000000000000000e+00, 0.000000000000000000e+00, 3.725562498315181936e-01
2.010000000000000000e+03, 1.000000000000000000e+00, 3.000000000000000000e+00, 5.000000000000000000e+00, 0.000000000000000000e+00, 6.111600000000000364e+03, 1.313000000000000078e+01, 0.000000000000000000e+00, 0.000000000000000000e+00, 0.000000000000000000e+00, 4.623521103262651644e-01
2.010000000000000000e+03, 1.000000000000000000e+00, 3.000000000000000000e+00, 5.000000000000000000e+00, 3.000000000000000000e+01, 6.173449999999999818e+03, 1.416999999999999993e+01, 1.125000000000000000e+02, 6.866329290727943291e-02, 0.000000000000000000e+00, 5.505858614063177114e-01
2.010000000000000000e+03, 1.000000000000000000e+00, 3.000000000000000000e+00, 6.000000000000000000e+00, 0.000000000000000000e+00, 6.289989999999999782e+03, 1.591999999999999993e+01, 2.250000000000000000e+02, 1.731284653209751445e-01, 0.000000000000000000e+00, 6.352666569100600125e-01
2.010000000000000000e+03, 1.000000000000000000e+00, 3.000000000000000000e+00, 6.000000000000000000e+00, 3.000000000000000000e+01, 6.486850000000000364e+03, 1.680000000000000071e+01, 1.995000000000000000e+02, 2.779119750672848221e-01, 9.898592459886781936e-02, 7.145413569907115292e-01
2.010000000000000000e+03, 1.000000000000000000e+00, 3.000000000000000000e+00, 7.000000000000000000e+00, 0.000000000000000000e+00, 6.741220000000000255e+03, 1.726999999999999957e+01, 1.740000000000000000e+02, 3.812209472429713975e-01, 2.176482046744378229e-01, 7.867123849218714549e-01
2.010000000000000000e+03, 1.000000000000000000e+00, 3.000000000000000000e+00, 7.000000000000000000e+00, 3.000000000000000000e+01, 7.067399999999999636e+03, 1.964999999999999858e+01, 1.535000000000000000e+02, 4.812877366914509181e-01, 3.325864636245460804e-01, 8.502561439687483791e-01
2.010000000000000000e+03, 1.000000000000000000e+00, 3.000000000000000000e+00, 8.000000000000000000e+00, 0.000000000000000000e+00, 7.372189999999999600e+03, 2.123000000000000043e+01, 1.330000000000000000e+02, 5.764001729015043596e-01, 4.418340759716499755e-01, 9.038418320245705795e-01
2.010000000000000000e+03, 1.000000000000000000e+00, 3.000000000000000000e+00, 8.000000000000000000e+00, 3.000000000000000000e+01, 7.654430000000000291e+03, 2.137000000000000099e+01, 2.615000000000000000e+02, 6.649308126264901198e-01, 5.435217352821163361e-01, 9.463508515699226020e-01
2.010000000000000000e+03, 1.000000000000000000e+00, 3.000000000000000000e+00, 9.000000000000000000e+00, 0.000000000000000000e+00, 7.872770000000000437e+03, 2.201000000000000156e+01, 3.900000000000000000e+02, 7.453649620048236057e-01, 6.359096408063406036e-01, 9.768983138574811598e-01
2.010000000000000000e+03, 1.000000000000000000e+00, 3.000000000000000000e+00, 9.000000000000000000e+00, 3.000000000000000000e+01, 8.080890000000000327e+03, 2.398999999999999844e+01, 4.855000000000000000e+02, 8.163263236035798176e-01, 7.174169560689074299e-01, 9.948607901038665213e-01
2.010000000000000000e+03, 1.000000000000000000e+00, 3.000000000000000000e+00, 1.000000000000000000e+01, 0.000000000000000000e+00, 8.170529999999999745e+03, 2.217000000000000171e+01, 5.810000000000000000e+02, 8.766007149734795778e-01, 7.866490523669561474e-01, 9.999243019718296877e-01
2.010000000000000000e+03, 1.000000000000000000e+00, 3.000000000000000000e+00, 1.000000000000000000e+01, 3.000000000000000000e+01, 8.219420000000000073e+03, 2.217000000000000171e+01, 3.720000000000000000e+02, 9.251568551803263096e-01, 8.424213845010426471e-01, 9.921975652522069256e-01
2.010000000000000000e+03, 1.000000000000000000e+00, 3.000000000000000000e+00, 1.100000000000000000e+01, 0.000000000000000000e+00, 8.247610000000000582e+03, 2.412999999999999901e+01, 1.630000000000000000e+02, 9.611639184676332714e-01, 8.837796531829834601e-01, 9.725745366415529114e-01
2.010000000000000000e+03, 1.000000000000000000e+00, 3.000000000000000000e+00, 1.100000000000000000e+01, 3.000000000000000000e+01, 8.210110000000000582e+03, 2.410000000000000142e+01, 3.560000000000000000e+02, 9.840058160479848715e-01, 9.100162093218613357e-01, 9.443259946250026626e-01
2.010000000000000000e+03, 1.000000000000000000e+00, 3.000000000000000000e+00, 1.200000000000000000e+01, 0.000000000000000000e+00, 8.190920000000000073e+03, 2.207000000000000028e+01, 5.490000000000000000e+02, 9.932917108814048879e-01, 9.206821314607605000e-01, 9.216620397501911199e-01
2.010000000000000000e+03, 1.000000000000000000e+00, 3.000000000000000000e+00, 1.200000000000000000e+01, 3.000000000000000000e+01, 8.167869999999999891e+03, 2.200000000000000000e+01, 6.630000000000000000e+02, 9.888627233176547904e-01, 9.155949279810164931e-01, 9.341369511291802707e-01
2.010000000000000000e+03, 1.000000000000000000e+00, 3.000000000000000000e+00, 1.300000000000000000e+01, 0.000000000000000000e+00, 8.085819999999999709e+03, 2.157999999999999829e+01, 7.770000000000000000e+02, 9.707946323070748562e-01, 8.948416397546825607e-01, 9.632158117074265391e-01
2.010000000000000000e+03, 1.000000000000000000e+00, 3.000000000000000000e+00, 1.300000000000000000e+01, 3.000000000000000000e+01, 8.006239999999999782e+03, 2.194000000000000128e+01, 5.990000000000000000e+02, 9.393965948939020372e-01, 8.587773693347897641e-01, 9.865137528689194024e-01
2.010000000000000000e+03, 1.000000000000000000e+00, 3.000000000000000000e+00, 1.400000000000000000e+01, 0.000000000000000000e+00, 7.954819999999999709e+03, 2.200000000000000000e+01, 4.210000000000000000e+02, 8.952058315127167099e-01, 8.080191764048095804e-01, 9.986250731543171444e-01
2.010000000000000000e+03, 1.000000000000000000e+00, 3.000000000000000000e+00, 1.400000000000000000e+01, 3.000000000000000000e+01, 7.958569999999999709e+03, 2.201999999999999957e+01, 3.250000000000000000e+02, 8.389784457784290606e-01, 7.434355332477304845e-01, 9.981373576365972777e-01
2.010000000000000000e+03, 1.000000000000000000e+00, 3.000000000000000000e+00, 1.500000000000000000e+01, 0.000000000000000000e+00, 7.953699999999999818e+03, 2.200000000000000000e+01, 2.290000000000000000e+02, 7.716765324080010480e-01, 6.661315167059512765e-01, 9.847309175656935309e-01
2.010000000000000000e+03, 1.000000000000000000e+00, 3.000000000000000000e+00, 1.500000000000000000e+01, 3.000000000000000000e+01, 7.925270000000000437e+03, 2.200000000000000000e+01, 1.200000000000000000e+02, 6.944516329934523613e-01, 5.774298052267856640e-01, 9.585890951474951294e-01
2.010000000000000000e+03, 1.000000000000000000e+00, 3.000000000000000000e+00, 1.600000000000000000e+01, 0.000000000000000000e+00, 7.902039999999999964e+03, 2.198999999999999844e+01, 1.100000000000000000e+01, 6.086250869745528647e-01, 4.788481096864022901e-01, 9.202328997198161442e-01
2.010000000000000000e+03, 1.000000000000000000e+00, 3.000000000000000000e+00, 1.600000000000000000e+01, 3.000000000000000000e+01, 7.867109999999999673e+03, 2.175000000000000000e+01, 2.300000000000000000e+01, 5.156653615186850281e-01, 3.720731341399090009e-01, 8.704582861788791037e-01
2.010000000000000000e+03, 1.000000000000000000e+00, 3.000000000000000000e+00, 1.700000000000000000e+01, 0.000000000000000000e+00, 7.941710000000000036e+03, 2.196000000000000085e+01, 3.500000000000000000e+01, 4.171631177301134419e-01, 2.589319364844510640e-01, 8.103036797117200152e-01
2.010000000000000000e+03, 1.000000000000000000e+00, 3.000000000000000000e+00, 1.700000000000000000e+01, 3.000000000000000000e+01, 7.980470000000000255e+03, 2.198999999999999844e+01, -4.820000000000000000e+02, 3.148037107122475531e-01, 1.413603416062487184e-01, 7.410268893113315380e-01
2.010000000000000000e+03, 1.000000000000000000e+00, 3.000000000000000000e+00, 1.800000000000000000e+01, 0.000000000000000000e+00, 7.961479999999999563e+03, 2.201999999999999957e+01, -9.990000000000000000e+02, 2.103385382985516194e-01, 2.137003209067225851e-02, 6.640853244006487133e-01
2.010000000000000000e+03, 1.000000000000000000e+00, 3.000000000000000000e+00, 1.800000000000000000e+01, 3.000000000000000000e+01, 7.916130000000000109e+03, 2.226999999999999957e+01, -9.990000000000000000e+02, 1.055550285522421083e-01, 0.000000000000000000e+00, 5.811170026477389117e-01
2.010000000000000000e+03, 1.000000000000000000e+00, 3.000000000000000000e+00, 1.900000000000000000e+01, 0.000000000000000000e+00, 7.878880000000000109e+03, 2.180999999999999872e+01, -9.990000000000000000e+02, 2.246056376555200396e-03, 0.000000000000000000e+00, 4.939219813124752778e-01
2.010000000000000000e+03, 1.000000000000000000e+00, 3.000000000000000000e+00, 1.900000000000000000e+01, 3.000000000000000000e+01, 7.933039999999999964e+03, 2.192000000000000171e+01, -9.990000000000000000e+02, 0.000000000000000000e+00, 0.000000000000000000e+00, 4.044442814570298750e-01
2.010000000000000000e+03, 1.000000000000000000e+00, 3.000000000000000000e+00, 2.000000000000000000e+01, 0.000000000000000000e+00, 7.995930000000000291e+03, 2.200000000000000000e+01, -9.990000000000000000e+02, 0.000000000000000000e+00, 0.000000000000000000e+00, 3.147544313405202798e-01
2.010000000000000000e+03, 1.000000000000000000e+00, 3.000000000000000000e+00, 2.000000000000000000e+01, 3.000000000000000000e+01, 7.832079999999999927e+03, 2.183999999999999986e+01, -9.990000000000000000e+02, 0.000000000000000000e+00, 0.000000000000000000e+00, 2.270322155785303719e-01
2.010000000000000000e+03, 1.000000000000000000e+00, 3.000000000000000000e+00, 2.100000000000000000e+01, 0.000000000000000000e+00, 7.642159999999999854e+03, 2.153000000000000114e+01, -9.990000000000000000e+02, 0.000000000000000000e+00, 0.000000000000000000e+00, 1.435479010965732272e-01
2.010000000000000000e+03, 1.000000000000000000e+00, 3.000000000000000000e+00, 2.100000000000000000e+01, 3.000000000000000000e+01, 7.596420000000000073e+03, 2.108999999999999986e+01, -9.990000000000000000e+02, 0.000000000000000000e+00, 0.000000000000000000e+00, 6.663691033180668688e-02
2.010000000000000000e+03, 1.000000000000000000e+00, 3.000000000000000000e+00, 2.200000000000000000e+01, 0.000000000000000000e+00, 7.528430000000000291e+03, 2.014999999999999858e+01, -9.990000000000000000e+02, 0.000000000000000000e+00, 0.000000000000000000e+00, 0.000000000000000000e+00
2.010000000000000000e+03, 1.000000000000000000e+00, 3.000000000000000000e+00, 2.200000000000000000e+01, 3.000000000000000000e+01, 7.445229999999999563e+03, 2.130000000000000071e+01, -9.990000000000000000e+02, 0.000000000000000000e+00, 0.000000000000000000e+00, 0.000000000000000000e+00
2.010000000000000000e+03, 1.000000000000000000e+00, 3.000000000000000000e+00, 2.300000000000000000e+01, 0.000000000000000000e+00, 7.226840000000000146e+03, 2.060999999999999943e+01, -9.990000000000000000e+02, 0.000000000000000000e+00, 0.000000000000000000e+00, 0.000000000000000000e+00
2.010000000000000000e+03, 1.000000000000000000e+00, 3.000000000000000000e+00, 2.300000000000000000e+01, 3.000000000000000000e+01, 7.041449999999999818e+03, 2.096999999999999886e+01, -9.990000000000000000e+02, 0.000000000000000000e+00, 0.000000000000000000e+00, 0.000000000000000000e+00
